"user_id","session_id","mean_dwell_time","std_dwell_time","mean_flight_time","typing_speed","backspace_rate","pause_frequency","label"
18,6,148.38297334011,21.8938049781221,202.292873083366,5.14775838666821,0.0910902274450917,4,0
24,9,118.979966706385,16.7468903975828,230.261691201836,4.6394308709543,0.0655856522840421,7,0
18,20,160.174266713129,19.7743630525078,192.38577047155,5.09515926773716,0.0391488648020827,1,1
15,12,150.330862827287,23.8696396417674,219.727174226697,5.09147706843117,0.0902936536794186,1,0
11,13,153.574510196884,13.8475487008071,200.64442129914,4.64756615664236,0.0787779656852768,6,1
9,16,147.88638808119,19.2681689065076,212.955421325354,4.7194191797348,0.0721938698237277,0,1
24,21,157.505179608118,27.9415350227201,236.06092815446,5.48920543946029,0.100584850066239,1,0
25,1,155.641477603011,24.463394464206,268.794435635041,5.0264837667507,0.110405584336217,5,0
16,8,140.280697602277,27.1130030658306,218.575493769555,5.14185988982265,0.017058878670815,1,1
4,24,120.628348111557,20.2974249025079,181.99338156877,5.09367362036899,0.059681033171875,0,1
14,10,153.659878116292,15.1442762613288,218.463230627886,5.25990391897793,0.0242994405172856,1,1
23,19,167.948272521677,18.4534103752459,283.989973679624,5.72220603106107,0.0910502474301988,0,1
6,13,127.719706920751,16.0515527192644,199.610404796917,5.20026769043726,0.0729754361905262,6,1
12,6,144.789414939261,18.5554014528626,229.330147096974,5.10026347950659,0.0607136618211778,0,1
19,5,191.157915288097,24.3456692173583,274.906795898672,5.24501506013023,0.027705460208468,0,0
21,15,160.422030958836,21.6693568547322,260.958314744445,5.17468344377915,0.0476746729969033,2,1
22,1,151.122094043321,25.4431082024442,240.50630621444,3.93639940997504,0.0505967480704067,2,0
10,18,134.496280802344,19.7718169099966,208.138480590308,4.82057368577653,0.0206654619548843,3,1
14,18,156.063787545038,19.6080330415005,244.278592846374,5.16771286520298,0.026596701391305,3,1
17,1,149.839555858832,17.5466752230048,200.205704923324,4.86629352852515,0.0659204001092813,8,1
1,2,147.860232001757,12.4445571955506,176.792765704109,4.59745176873592,0.0705548028591768,0,1
23,2,155.523726596173,22.5744011467608,226.521123532309,3.15754821423026,0.106364801684293,3,0
12,19,146.053534904518,18.9856906246396,228.567978268259,5.26594869108949,0.0643223996203064,1,1
18,4,158.04719247797,13.3236748107272,223.510912343615,5.4327909820057,0.0204438026194123,1,1
1,15,137.956428331643,23.5684655037371,173.309573852304,4.79336924301591,0.078106403442376,0,1
2,7,133.843761339048,18.5152857144095,148.889283821545,4.66150379091406,0.0444196707638657,9,1
18,13,142.557859393173,22.110453107686,239.42701585149,5.05276987500835,0.0397344149078537,1,1
9,1,143.948762876274,10.3781699101075,209.947325684876,4.34627782135045,0.0639542887559869,2,1
6,24,131.79019698011,15.0953560689746,208.551940997166,5.56285443129729,0.0940937948689001,1,1
11,14,133.155240222785,17.2316139356784,211.510559202261,4.40896427133167,0.0589048726368575,1,0
19,16,152.238518169974,33.5051002539905,234.470690070361,3.94247825034601,0.091654534284668,0,0
13,9,165.551296782603,23.8874317523574,236.316033847233,4.85814818113689,0.0574555822605005,0,1
12,3,153.520205534067,14.9973107002117,242.027153529853,4.83116200707655,0.0810072156273241,0,1
2,14,116.742535134446,11.3673001345172,170.288677036296,4.52521335182401,0.0236773567369284,3,1
18,22,131.295600190318,23.0096768887318,225.14469117714,4.7213712456635,0.0330127942249584,1,0
11,12,138.834599987304,26.0082859638213,215.655384763576,4.59818174550393,0.0757582773181924,4,1
3,2,166.505495689582,16.889613934315,200.287492046069,3.79818984044895,0.0855919968300005,7,0
8,4,138.980471904496,10.3016933915636,202.155147137992,5.17257473382739,0.0836789441331171,1,1
1,21,127.650729551411,15.545313574202,151.922019955304,4.32459511524434,0.0659904632896554,0,1
7,2,139.860437010425,14.5037960996987,206.174997844709,5.04759481685143,0.0676141594709989,0,1
1,4,136.998046810637,25.5807738450599,170.542240296694,4.5664647571421,0.0465636680265282,0,1
14,4,148.193902942399,18.1550753835697,243.423345618895,5.20197943134731,0.0280639626153964,8,1
2,6,117.472987229129,21.6397097219184,192.458325756347,4.23674089181269,0.0333282282682146,2,1
25,8,162.979221042226,15.0411429950002,272.345574328574,5.48881306700615,0.0389346086335276,4,1
8,19,107.473208462043,10.7309251703345,267.684777818951,3.31283636749237,0.0386023678336607,9,0
22,16,122.860169490504,14.0474603328019,173.161965613522,4.59574154593532,0.0838033569110239,0,0
7,23,134.81357353708,17.4437080947351,216.516363067363,4.26789074283034,0.0539836366685715,3,0
2,25,120.455415274904,14.8604487619787,174.862391058038,4.26888093277833,0.0431651572526445,3,1
5,19,127.015902638394,20.9766934561936,166.447867701351,4.74121547047773,0.0146194651969587,1,1
3,25,161.100751389679,25.0835262267586,224.561924187383,5.40586441846493,0.0581047048971177,3,0
6,3,121.922686501914,30.788664961138,208.514129818629,5.07309548201301,0.100269940843738,10,1
6,13,140.397433540805,16.7861120484174,142.268672716248,3.94588195803454,0.0622086514483885,7,0
21,14,170.22490303516,19.47222041216,294.491493290258,5.74947827296702,0.0458786423826421,8,1
7,4,139.276975338131,24.650211423902,203.660656026962,5.26532493159794,0.0689999348219416,2,1
17,10,148.620613559612,15.3711278602012,230.71670959772,5.36461176120226,0.0596917313184592,8,1
15,19,156.319408538736,22.6711419989931,230.384298836198,4.46242116455714,0.0336864415449902,2,1
7,18,141.415225119853,22.9028560619306,216.016232970965,5.15143009898985,0.0552524474001836,2,1
9,5,139.845868496777,15.587976940823,207.938214315276,4.63288495876748,0.0623143573760372,0,1
19,25,162.747122852747,20.578251266963,226.640611739429,5.4072997677612,0.0863415586473504,0,1
18,16,169.51185460864,13.7382739996074,191.156757801005,5.80962671561566,0.0372128220967497,1,1
25,9,165.989860233405,23.7517361110456,279.773874834487,5.40416586556812,0.0185406695668618,4,1
13,12,134.395038289042,7.26573618849047,201.229591712532,4.27905204771344,0.0831226894821471,1,0
8,6,183.504122700455,19.8705518541691,314.514593403269,4.54401832969164,0.0682482339173793,2,0
22,16,191.095716957811,28.936246544197,289.627522437267,4.69323148123742,0.0821494792039302,0,0
21,22,164.970862067905,28.3836404764312,274.232521788117,5.08721182285449,0.0459279528763791,4,1
1,11,135.859130296721,19.3433924790083,186.503818949195,4.860964244907,0.0714040805071447,0,1
15,2,144.126243428454,14.6151902037896,231.425224121102,4.85121986186559,0.0537183087439744,1,1
14,1,144.261202940157,18.3041375106155,220.148693085586,5.11569493018087,0.0104452037307039,3,1
4,19,135.557280829408,23.1019053265384,197.029313461977,4.40496502338527,0.0975131692383052,0,0
25,14,166.62366156847,20.5366303681841,296.797477894719,5.58109724014363,0.035034078477854,3,1
3,14,108.880947189267,16.7542791279523,174.829867121422,4.55917966483219,0.0334761063308161,3,1
8,8,145.464123694068,21.1585714952987,221.294782167821,5.36660580596664,0.091520387123191,0,1
24,20,169.454338912711,18.9366533955662,247.717872267426,5.86496940269571,0.0368248423197198,0,1
9,17,137.893471011285,18.648671884703,201.408752820889,4.6809764925082,0.02428418225261,0,0
8,18,147.266127029496,11.6881147831666,207.801226455146,5.4334368620217,0.096612186750972,0,1
24,21,172.277923192862,19.2222248670646,232.056504241654,5.50458425312192,0.020422934553477,2,1
2,3,113.232450089328,24.7578356852535,184.02816501177,4.54036549433423,0.0182163481888861,5,1
1,1,130.801808555754,24.0460879897558,176.300518451713,5.1353880313036,0.0635681578879518,0,1
24,16,177.595163127701,15.5288741529379,243.051791365463,5.73678208285226,0.0319176338684331,1,1
11,15,141.6259647287,20.8626394426538,217.158478201533,4.68924095061922,0.0624898489113809,3,1
11,1,156.059687809453,23.7003966180297,219.75060809851,4.41230705905447,0.056874328221017,9,0
17,7,142.841358596533,18.7091484778842,204.2042876349,5.39970648844989,0.0502347799315171,4,1
21,25,185.119274632135,15.5876229545644,292.808837637246,5.11777279719292,0.0426529773747539,3,1
19,22,192.777924222053,30.7559337092755,201.696622994995,3.84509939362668,0.0795298971860352,1,0
10,21,134.979445977899,21.3548648292252,188.597439658702,5.16969410772011,0.0118055179766898,0,1
12,16,144.73751284507,18.3745259419162,181.9142768045,5.3965312732504,0.0702489702669425,0,1
9,18,150.574797729642,8.02745511444086,227.715830182948,4.57368542736495,0.0846399899618935,0,1
7,10,156.693433861544,17.7526459805307,237.981970847941,5.28652979439172,0.0297884283678869,7,0
7,6,139.09595862058,19.9409908883165,205.168060011796,5.21883319081771,0.0570235275798758,0,1
11,25,142.977972975006,15.1907202748755,195.630967842922,4.19468643644403,0.0758123791863697,3,1
4,9,113.986294198734,16.6086876775589,188.668947789475,5.20242163385867,0.0508921513657097,0,1
19,24,164.983655479149,18.9739679998233,242.446199689834,5.3660825927563,0.0801631402372131,0,1
11,22,149.50000072838,12.0292909482802,225.660524334767,4.82679063305949,0.0922767335000765,1,1
24,24,173.899601864816,21.950312988377,237.202605786906,4.54380103060401,0.0845201406352746,2,0
1,10,122.955778154605,16.5310614290361,169.467118472175,4.77623803467571,0.0781926671514028,0,1
12,24,149.132911195909,15.412348997258,209.63535819098,5.15001520104185,0.0799012630985518,1,1
2,22,128.708788270579,28.6056695997877,172.429879062266,4.4756528165606,0.031669908480427,3,1
21,20,157.179464366578,12.7066733181123,213.14510250361,5.01804965044544,0.0446186908942664,3,0
4,3,114.733542261848,17.2075026797951,173.630466904306,4.55887401933022,0.0335458752153529,0,1
1,23,151.616388959208,18.3327846221169,249.367074258079,4.32264117438588,0.0878095513839905,1,0
16,20,147.819063702849,19.5020191630207,222.069027247072,5.11002705470694,0.042493690612473,3,1
25,5,163.242191050173,21.1592354565598,281.701517188858,5.41841503793867,0.0276213295890736,2,1
7,14,168.321714193655,22.7828430686691,255.262490904292,5.06285741121415,0.0542627719261025,0,0
11,2,155.021237161406,13.0181541250265,204.32473011469,4.38853221323633,0.0770321875598071,2,1
21,23,165.632473819313,8.33587903149373,278.989097007645,5.238794370865,0.046482248967082,5,1
11,10,150.204983012702,31.5363938572732,243.641339045013,4.96691640669226,0.0469359224146678,1,0
10,10,154.565047936523,20.9779353629059,260.042484327366,5.06524398411651,0.0736068109071864,10,0
4,14,170.061960529514,24.3235906207274,263.624189529187,5.00693342545546,0.106734312892301,2,0
11,23,140.814374601473,20.3911719911161,223.194752934923,4.65961757767592,0.0669023735774555,0,1
15,25,153.926376387247,17.2062201681787,230.275479806417,4.93927246818895,0.043968592656647,1,1
3,2,112.913992779634,18.6110564269916,211.10181579323,4.72844844161222,0.0273793583870337,2,1
16,4,121.338444342569,19.1766792201624,177.153123275483,4.375615916904,0.0717646470884927,6,0
18,25,160.722325385745,18.8156202521516,213.017050886345,5.2940973856044,0.0375322935913374,0,1
24,6,163.124917792312,19.6281424587921,316.054751121699,5.36478728967223,0.113536363356095,1,0
14,20,146.148637922682,21.207431192012,227.055946207334,4.90020746489782,0.0311620043768732,2,1
17,22,150.637028161229,18.1734207624676,218.195219276698,5.28694225063755,0.0505488049927844,5,1
16,19,190.916962350075,2.26686640978095,280.774661912997,5.08984484979189,0.0532712567053641,4,0
5,5,126.984179872371,13.1292020453264,181.08764946386,4.63698370136857,0.0107528515402601,3,1
18,18,181.380531573124,32.9742521074265,271.515431842398,5.18676344049646,0.0803954882409607,2,0
7,25,139.483750806261,21.1691373986092,210.605519285501,5.01886343475306,0.0686474105532747,0,1
23,20,163.123886332878,17.6635379834152,253.268047021313,5.16902266333062,0.0832391498348071,0,1
16,5,151.045123640012,13.0570662068668,229.582670192237,4.54606089629616,0.0311498530430447,1,1
1,9,185.556269155963,29.7007350613522,299.21813746181,4.74728911347276,0.0891569132005072,0,0
24,24,126.370444526305,25.0438710399666,195.005099834221,4.72304852084612,0.0495554291822575,5,0
11,4,151.633882204815,14.6478278048166,192.313029386114,3.18759747104364,0.080394479727785,0,0
18,10,139.782065621605,17.5563656898182,250.369912784044,3.74168154196323,0.0856864903365092,1,0
1,7,128.677402692189,21.0326529427981,168.121159818929,4.28871184172951,0.0685234791373632,0,1
24,3,173.074955885344,25.5561693442698,253.965302966731,5.70468587138827,0.0340566310737192,3,1
13,14,154.825906872413,15.2066213572709,234.460058593279,5.00364095426741,0.0491863218244934,0,1
21,24,168.877073944787,22.6231016326628,216.011379376024,5.09917859433217,0.0906153859529251,2,0
2,14,175.340165055389,14.7529055283999,273.561918098688,4.68244872390833,0.0496346223074662,2,0
11,18,161.141693552513,21.3565230881944,199.600573894039,4.84540530846398,0.0812495741246819,2,1
22,24,178.432773650084,20.7785565030519,299.346853738391,4.72762843386852,0.0638397904490391,7,0
13,5,152.565760703905,16.9275127279622,177.540012396674,4.37748813464047,0.088890169307983,1,0
19,24,158.004032556557,10.8658552049128,221.543600636018,5.03932050496238,0.0206680634068737,3,0
7,8,141.74120176257,19.9901942781025,214.520345402233,5.06258821676282,0.0670889949431555,1,1
7,5,139.034329706832,18.6610056923206,169.264320575492,4.74793788236031,0.070723373040305,1,1
2,23,123.707600032188,20.9402885664578,171.664027043165,4.56358765771035,0.0375301141513231,6,1
12,17,118.524102333162,23.1892081843091,224.729454384381,4.06971092580997,0.0395085269128148,0,0
25,18,171.536763881518,11.5362925201214,304.722863141662,5.63976315840598,0.0220350688396027,1,1
21,5,175.536225319235,22.554629710512,255.859464428436,5.29964350380303,0.0284122676257482,3,1
24,15,172.030767930763,19.3175892238825,236.073072125885,6.03631330789858,0.0479876221645972,2,1
1,20,148.385267329478,21.3588317392929,197.324566304542,4.93161233101479,0.0365251186802614,7,0
15,3,154.282544288026,19.3105863951284,243.083177593747,5.09790186669953,0.0515290474767246,1,1
1,25,200.831490175344,21.3955412170159,331.913581559715,4.35857679068288,0.0322398273985206,4,0
1,12,126.555275547512,20.4940726479982,161.651984834275,4.49507489919087,0.0700052638552928,0,1
15,9,167.185146232248,29.8361158586798,204.970772780104,4.48436012178966,0.110495534247563,2,0
9,21,144.642496079384,14.3647891507956,239.140509096016,3.79994875588548,0.0777867821968958,1,1
22,19,155.013091012012,18.4569751384806,208.50455680343,5.06873011197119,0.0691318019388186,1,1
22,13,171.269770854762,21.1875045597635,216.179893476763,5.38831677588173,0.07006690898368,0,1
15,8,132.88307457187,16.327314253655,239.018247830725,4.93858069953143,0.04276869382254,0,1
2,20,156.488193793262,7.38456278957534,222.067962514173,5.22795342146802,0.0767789691491562,1,0
25,13,168.160814284239,3.47911414735191,239.737468178858,4.19524080557548,0.0193773651634539,2,0
16,21,161.107905532119,18.2332052250705,231.486097996314,4.84990250612943,0.0367950668828419,1,1
6,22,137.917435612436,23.2217533685643,228.05311008963,4.85001153961598,0.0655111203834338,3,1
12,5,122.024751396848,22.4004052466019,198.826767886753,4.57764142549965,0.0668554758970915,3,0
17,17,129.740859868698,19.1188883988415,198.465781491226,5.57112184106339,0.0555154778438969,4,1
12,22,136.154058095779,18.6528431056415,227.58587909737,4.41620445766326,0.073298208980334,0,0
1,22,128.97134834483,18.0002515362614,191.401159447077,4.99074603857838,0.0532241611944178,0,1
3,16,129.508433503905,16.7078458218314,175.946773922055,5.13103770902134,0.0470317926185299,4,0
25,8,181.20734559294,11.4578091174686,276.084518017992,4.89503355481259,0.0288874499517326,4,0
15,6,147.419953484815,27.0028209567328,247.232199567263,4.86323075308681,0.0360543733395349,3,1
4,21,191.056258519909,22.7267533277601,227.394802090274,4.70733963842562,0.0822112527859355,5,0
11,10,142.097475980367,22.9298915909102,229.223985015573,4.76511246555183,0.0954670075926387,7,0
13,25,155.154837907561,19.7051527970349,215.507958867166,4.78038286468879,0.0644623424907952,0,1
3,1,133.250631997156,20.0671165620255,204.199298905047,4.42675158207572,0.0363528090834689,8,1
8,22,171.218477029146,16.3353338427481,238.823901919221,4.71839308291859,0.0549062246965313,6,0
2,13,125.102460880151,18.9769034044138,163.878632605774,4.39575517242828,0.0426871085758262,7,1
8,24,143.276170898129,17.332553999562,224.890099315071,5.3590840849801,0.083761083168861,0,1
4,13,109.470672914093,9.96870726393564,192.301063269254,4.78226884376627,0.040043822168963,0,1
9,2,164.277407088656,20.8415017460762,236.768326639007,5.61080178012628,0.0907360883079061,0,0
12,5,150.452355312387,23.5760420835003,229.378377236069,4.91724116279122,0.0845106513330332,1,1
11,6,148.701285267608,15.6685732441214,228.054945105222,4.53539545925504,0.0752999967732189,2,1
14,25,154.234618335584,22.1145934025571,249.24113559565,5.47482218126115,0.0347926221009316,2,1
19,22,149.12815993515,15.1310410318812,236.83055414476,5.3364275582665,0.0782449912480378,0,1
14,3,185.640262398386,22.8064059604878,295.368194982528,5.04325982585906,0.0432135285835519,5,0
20,3,148.911874423881,32.1265524418242,243.858694801544,5.01418293578201,0.0395659142426833,7,0
21,8,161.105639754724,28.4671485893492,313.488412347285,4.49092891663129,0.107784802473663,0,0
20,12,160.062317200629,20.8649131046457,214.45465561814,5.63621704058732,0.0298971748354518,1,1
18,8,146.521343324036,19.1567625023121,212.695925696405,5.74075294546141,0.0265259613681124,3,1
22,5,163.171936462887,20.3891894314945,215.471247606391,5.0603495147473,0.0505285563620666,1,1
1,9,190.487427676505,25.5027171684734,257.683401236985,4.53657012720769,0.0238804000234216,1,0
20,13,155.738043116691,9.85187519164024,219.783619496352,4.97273742221719,0.0317267119072387,1,1
21,13,176.66756830631,19.8370944851239,248.04172100923,4.94953543307026,0.0802629323495063,2,0
3,11,126.223000491822,11.9626299555132,191.846159959527,4.83124832635223,0.0265233424840448,4,1
14,9,150.728616778237,6.68610139045081,235.538778795337,5.18151123447382,0.0137116923799194,5,1
15,11,142.603412985811,17.1740805727307,249.307127495978,4.31239718328326,0.0419849828405865,1,1
4,18,116.77658416729,18.6413095796185,179.990603308582,5.18496609806844,0.024051540338383,0,1
8,8,140.243578114438,21.4038320061064,196.03947951495,4.13444512054087,0.0893914094661688,0,0
10,13,132.594118270164,24.720708977727,195.914090139161,4.61783148039329,0.02113499310724,3,1
14,7,149.434687127231,15.6679335223456,221.823115631221,5.29290895259821,0.019888429213,9,1
12,21,155.847505816151,12.6991961578321,225.401193779043,5.36832574550984,0.0753752508470169,1,1
18,25,177.412706502971,24.1643795434813,305.586857735963,5.11765313266694,0.115077888361124,1,0
3,13,111.301376235303,18.036974062041,214.447896167278,4.82013181189238,0.0442209721823473,2,1
11,10,156.109299587191,13.839485508257,221.812928737697,4.41857338433125,0.0681910523042401,6,1
25,17,166.7262596053,12.7760318050965,275.668751228349,5.24758652983645,0.0233513363207973,2,1
24,7,172.248571622056,14.0312262735797,256.518457052532,5.74983520933519,0.0225753716995774,3,1
14,18,160.89500900608,30.245051940102,222.407463970353,4.30785083511677,0.049030737072838,1,0
5,2,129.8170780548,22.5852535629598,166.937741849454,5.0117182673561,0.0187773295086931,1,1
2,19,127.945223128465,13.0293189177016,191.649812218046,4.87917422580812,0.0409471591270966,1,1
10,11,171.816603380564,28.3706814457684,309.856385407388,4.35293441266744,0.042851843666348,5,0
19,8,159.265621440333,16.3396146292421,225.411562788814,5.32458124736951,0.0811410787545003,0,1
6,5,166.027003649198,20.6350661314877,324.032885819349,4.94749477046929,0.0568557488499901,9,0
12,15,144.478444164171,26.1564649027277,191.073031915395,5.11770808531394,0.0560577583778679,0,1
21,17,182.087832103954,17.6738644079214,279.493150266353,5.54488122407416,0.044361612351907,5,1
24,11,164.207919595467,19.6632810600122,274.814063057489,5.13411319930095,0.0639532672480762,0,0
25,11,175.938781913525,12.315467261305,307.36360130886,5.54811603931965,0.0429496802429924,2,1
14,6,165.241294527681,15.8124642516384,225.183049914805,4.71081073880104,0.00823485393175613,1,1
21,19,159.957662222279,16.864257005284,271.782188508798,5.76231166142788,0.0559482786537746,2,1
14,18,120.79768902074,17.683062331959,221.24703905804,4.0461509144708,0.0858760857717684,10,0
25,3,168.351729173353,24.714605974067,270.77078217077,5.60832121093444,0.0471390110214975,3,1
6,19,142.376915087205,23.1679793001596,206.906012381069,5.33582669331221,0.0827021725846499,8,1
15,17,167.493848702055,28.9031859116219,275.194513228364,4.34703252292131,0.0104009619200888,2,0
8,6,138.472249259371,23.8992297263348,224.262420915084,4.93014709058044,0.0740664145265025,0,1
23,3,127.311083330458,20.77582318184,201.899306616272,4.44733207121615,0.049234972872905,0,0
1,23,172.246838912501,28.8650187146946,233.089274497493,4.44311496165807,0.0698558207966921,2,0
22,8,163.435104779609,11.1669886422147,197.968251276774,5.14500274462467,0.0570870297071479,1,1
23,1,155.011032654862,22.2318233597889,268.10760994647,5.39992769810816,0.0667478172076437,0,1
24,15,168.656791996516,13.6172357217894,217.654422315463,4.55421129811342,0.0430940146839536,0,0
16,1,161.288928497246,20.186433112873,220.680043515075,4.31928645957057,0.0322394741739355,3,1
3,4,122.74284447763,20.1794612278982,198.748536787692,4.36102576143217,0.0483559926025122,3,0
7,22,151.429273319291,19.6883737332944,227.473554608555,5.01359723030348,0.0762597953975672,0,1
8,12,134.169818406313,19.5636578603314,222.06341621492,5.4261531263944,0.0824182958268792,1,1
11,24,151.444864185503,15.7589259308666,202.339406356954,4.43101077049098,0.108553297036616,4,1
14,2,151.56833668919,19.8374562906435,237.024006030363,4.78047359883019,0.0414629341559228,2,1
23,23,169.371144008132,17.3126963390236,260.685167214017,5.36039787532749,0.0861983524078002,0,1
7,10,146.118492855651,24.9430884470177,208.935682318502,4.78390826552223,0.0668773584721808,0,1
17,25,146.684945878558,17.9977017949789,190.21636954991,5.29894905147937,0.0596873187911292,5,1
9,19,131.661400724222,13.6410613086176,199.734202650556,4.58023811436194,0.0801223516395098,2,1
15,5,143.248509856044,10.4516955245778,228.566975269255,5.02556045419038,0.0484457323337541,1,1
20,9,183.687507522714,13.5996353371316,163.294100278378,4.97803201280661,0.106293298056698,5,0
1,16,156.725195512393,29.2784725683807,235.61878338803,4.53407562097852,0.0867268931312832,1,0
5,4,121.345669208641,23.83528300776,176.189933345641,4.69316052206996,0.0236457434020315,1,1
16,24,169.894477249399,28.7915746567318,315.61360627611,5.14751120288179,0.104564691574503,1,0
14,11,152.623406918669,19.4858206533994,192.156200671577,4.62230568960345,0.0940919382634215,0,0
1,5,127.766073491613,19.8218004929649,186.061962054487,4.88955798332682,0.0581060351244039,0,1
3,13,157.859135689379,19.6884909222473,258.787177525726,4.64256207056288,0.0481807176786584,2,0
8,23,133.10946476612,12.4363522330867,221.414170315788,5.39723208406001,0.0802537707632926,2,1
12,12,149.249115522291,15.4687398473887,233.091174774429,4.71766775779067,0.0771605083559405,1,1
3,16,115.555602751598,21.5531246745381,201.44724110327,4.6075571188191,0.0456335942843583,5,1
12,20,176.940748389095,34.164874003046,299.420046526193,5.12320786892435,0.0522940964333735,1,0
1,25,125.978127933511,17.8372060993951,159.695671804732,4.92257449014325,0.0614588418647352,0,1
24,1,154.818149059085,18.7759929156029,253.886415633306,5.28530296429894,0.0580866554266411,1,1
23,6,156.67431377154,15.1208239293707,253.937680079305,5.81977305068306,0.0857152531162293,0,1
19,17,159.721183322974,19.1702932641453,237.09593505968,5.45784304174151,0.0871498419608623,0,1
12,22,152.404348798774,12.8572754219371,212.366628812492,5.07905335076978,0.0696338387516873,0,1
3,13,106.916871838327,14.5262445684091,203.067821795336,3.80000418744476,0.0380544771031919,0,0
8,13,136.789483318439,12.4218768193766,214.455682369759,5.2711073201159,0.0600364186859069,1,1
3,8,124.239500565707,22.9566028336023,185.66587022267,5.10840215662488,0.0343440222059793,4,1
3,21,112.58264275909,23.3772150735867,205.357069433586,4.79754314087321,0.0301520550772626,10,1
24,6,169.115096232498,10.7909036105979,246.806989395225,5.73814079573251,0.0502742743509305,1,1
13,11,155.861667301699,5.82670145074173,228.791597580765,4.54346903557886,0.099260735352521,5,0
21,9,159.371549667288,27.0024410778071,261.860672050153,5.87795419823761,0.0443449041211837,5,1
22,7,161.188436561417,35.4018323740462,257.4069197717,4.12194132720012,0.0752702209349352,0,0
10,9,132.175168772004,16.5522887066936,183.67700969973,4.70949984216094,0.00573793644301187,2,1
5,1,179.195475159679,27.30417851368,294.943937829667,4.70912659929915,0.06786173022792,5,0
5,22,127.839167933974,29.4036757326122,166.42496223604,5.29448948766034,0.0115265254119583,2,1
13,16,147.306111573664,17.3828215916544,193.950814113174,4.58268747611232,0.0574958596988001,0,1
23,7,164.66355983957,23.1231012338632,255.990845058158,5.8061037448375,0.0827180217702188,0,1
22,15,149.920132595398,17.0197432318296,191.340478687355,5.21594360884982,0.0755156607176795,0,1
5,17,115.511325659073,10.200864815832,166.374646781676,4.90977909028837,0.000493310356743513,2,1
18,6,124.44739377856,16.3401209038849,201.456943722772,5.03558370511716,0.0420497202792348,0,0
16,23,152.133137087233,17.5036963217677,222.495024190648,4.93517326715688,0.0374566687027665,7,1
8,25,123.214538491035,17.1008883963834,203.021619289299,5.53371278025439,0.0726892971697155,3,1
22,25,161.912321921263,16.2585656778199,196.355545969939,4.96382976171929,0.0662793970053578,1,1
10,7,135.983541850905,17.954787533617,173.850056470643,5.09226939785221,0.0212643619306844,4,1
6,1,173.879672279009,33.5584114637153,213.426810466409,4.16714745072845,0.0952824756371412,6,0
11,7,138.263398317036,17.949046435935,210.58883144239,4.25066096692344,0.0275938208562429,8,0
14,16,172.066944993938,18.0941997755419,244.018202446047,5.04823743569738,0.0337126617966729,5,1
21,4,162.160019958013,10.1565969035106,272.284533085016,5.48681943271547,0.0425480760378699,1,1
18,6,143.737633586001,12.594508530707,218.975075247197,5.15876501253817,0.0201228180071054,2,1
14,14,155.862364023015,22.5305435361831,241.027417433397,5.19115764750983,0.0207439765399559,4,1
3,4,122.297102191052,22.6293882776589,182.146757525165,4.76864279750398,0.0547832428620578,7,1
13,20,148.457246145234,21.5629959054759,225.666314591738,4.40109648504273,0.0572370465176935,0,1
14,12,153.785094965774,14.8217878864648,202.451588846303,5.22808856614537,0.0242930873104583,3,1
11,19,151.240903932646,22.4427688609388,231.015216004075,4.5626992817824,0.0780697667961797,3,1
13,9,168.911366277765,18.1901870523856,241.981760685459,4.41190975942967,0.0625801702177036,5,0
7,20,146.963060486122,9.73367469932405,200.57623388963,4.86699423206399,0.0648841643010329,0,1
8,18,112.689801723689,26.2965248958302,169.596901819512,4.32686455902328,0.0176932449167583,1,0
3,15,115.961420348284,19.0734904304776,205.226191023925,4.07475120683552,0.0499161256464041,5,1
9,11,138.927178374603,19.386894868005,202.680460052524,4.73605580929468,0.0773528298928761,1,1
25,18,143.268698113331,25.8511136780741,238.741182364886,5.0909945480162,0.0165394406247742,6,0
8,21,140.80767294986,28.3195175675098,230.781223321407,5.21986619372289,0.0430714877573575,0,0
23,22,160.395809347305,19.0921655578757,257.098082781467,5.28199487854847,0.0667398698157335,0,1
13,6,144.874815191516,20.2062681392508,201.528860059888,5.05430585720533,0.0628613751393014,0,1
18,3,171.68487482249,21.0673800585839,215.288560587064,5.45401028922359,0.023700709587805,1,1
25,10,169.190472968406,21.4017575708392,281.76946519953,5.46475205211158,0.0176599964882558,3,1
15,4,146.472535382216,18.536590967385,232.206430702784,4.78625076229149,0.0511121719853614,2,1
16,6,147.91014632206,27.4479228076603,204.062975916093,4.83016759779214,0.0448955249145448,1,1
5,6,146.007367399811,2.11685574736865,259.674133983613,4.93339657785316,0.0889469642421968,4,0
17,12,154.954136939685,14.679434317691,227.169517288684,5.3887238134425,0.0591932396556749,5,1
13,21,140.097828031667,15.5225812907813,210.667812097422,5.09900568191862,0.0577143565735505,0,1
2,15,111.701834915158,18.1962018037504,153.844866098016,4.62556424119561,0.0456834784863244,2,1
7,11,141.743875162441,20.6401660369231,196.509094975907,4.77896710976649,0.0546157115947764,1,1
8,16,136.40132255504,15.8117050366013,224.521802366687,5.57953414699553,0.0928171520934401,1,1
22,4,161.455707575451,20.7731116464646,189.104255779667,4.90292007587214,0.076777132018356,2,1
22,23,159.706384326561,20.7929352874462,220.220000815867,4.81670778519813,0.0597484492284372,2,1
13,8,153.858477612732,16.9675555589757,210.38272938749,5.07829761963221,0.0653150027858918,0,1
9,9,130.10931937093,14.3660502074155,203.732407017202,4.32325180863969,0.0788445362899189,0,1
13,7,147.170993394735,29.6611621624379,240.282729149983,4.88454083104482,0.0708720105062328,0,0
15,15,140.437201044622,22.3047920192465,260.483397956659,4.80716369063791,0.0606886429415444,1,1
25,24,155.684093476767,13.6835067761034,258.099373347432,4.05021649733273,0.101641562840981,5,0
24,25,160.623875465058,18.5484512927785,222.648665990531,5.79596691458372,0.01138575512432,1,1
25,16,164.089963623854,20.5455709870764,280.063372488395,5.1448709629911,0.0286898795309029,1,1
19,3,162.137416989285,14.1249401414672,276.758548017936,5.05323414562471,0.0754023536666649,2,0
5,12,131.897413418562,24.8997363407585,168.955878185389,4.69107036471166,0.0256186597981074,2,1
23,2,183.662339143967,21.8371195072341,265.726729481337,5.38123031635504,0.0553520503777126,3,0
17,19,138.925480433572,23.0282232424205,230.70462561941,5.09946363342576,0.0590983004006111,1,1
15,22,153.821837350009,18.0158453298111,231.602624780428,5.03425223710239,0.0537255046225993,2,1
10,6,137.985523143518,20.2217519566027,208.694325326953,4.79944394621143,0.0253763226288229,4,1
2,9,129.811094901645,18.4310989795422,166.528008705879,4.70196440195682,0.0330805713514574,4,1
5,20,127.455009013878,20.9329893482856,162.021477805452,5.11194649345105,0.027556013122012,2,1
12,10,148.439608668638,23.0665596392802,203.686606352797,5.06803710449814,0.0663876411710222,2,1
16,24,154.980773007185,10.1157374522356,224.415816381967,4.74622477810877,0.0165812212174209,3,1
25,25,159.415534681233,18.0311924180143,282.764226382208,5.37152799647471,0.0378223832713992,3,1
5,7,127.308871765451,15.6997716153967,175.087720639528,4.77658345946092,0.0197050751880385,1,1
23,2,171.044250892565,19.0861027235031,285.188271787589,5.20044515546065,0.0813738561984648,0,1
23,14,157.26320114523,21.8915318383721,223.209567369511,4.41290508535125,0.0448033862419416,10,0
25,2,171.178922838115,12.7964349800558,296.480796492879,5.25762417201863,0.0169248536337669,3,1
18,17,156.905521690298,14.1854173453819,218.157109074345,5.27906179020129,0.032544130630266,5,1
20,8,163.003077964546,20.4068228630014,224.442062845243,5.49787078079256,0.0190642561742171,0,1
2,14,126.193279072471,20.9872650555155,212.107978355116,4.25078537308699,0.0434348412687177,4,0
19,23,145.031478105334,23.8831155699554,249.138726112662,5.98836291574464,0.0766094483444263,0,1
12,18,137.927544756326,11.8431971067624,199.974991760911,5.36368799598128,0.0598602050969445,1,1
16,8,154.269194673591,9.47450101194117,277.15945443221,4.56683080953993,0.0689772227349867,1,0
4,2,115.806034262616,17.9551132554784,194.354678840846,5.02930671022328,0.0457294434377482,0,1
9,2,156.275185181021,21.1147591014084,209.34768558264,4.45202220146109,0.0665739778387531,2,1
18,12,147.531368040184,18.5302490454729,237.505689184744,5.65288972741353,0.0242703253845408,1,1
6,4,181.898741024977,12.1984284393325,272.781615657107,4.37634702186401,0.0392849020863104,6,0
21,6,147.901045558227,28.4522620714468,257.79880220024,5.82197035412251,0.0375601922530207,4,1
20,21,159.64853010597,19.3374543169949,249.908256850128,4.97005938270956,0.0202297441502849,2,1
25,15,134.123014190158,26.2037049771137,235.363389432746,3.8666606743123,0.102128128857277,4,0
15,10,144.390783901722,22.9820009409594,204.129269296194,4.27118585341214,0.00364841592907707,3,0
5,24,160.14694547796,21.1209193157376,196.619057528092,4.42305553933993,0.151264121231321,8,0
7,3,141.574287267952,22.2393037533346,218.245011135544,5.10565947928503,0.0528718535626752,3,1
8,14,132.528422712082,18.0306824175881,218.929424668997,5.64806319440174,0.0757012094620879,3,1
3,10,156.17447075578,17.043719629645,247.439419920917,4.64437297558675,0.0219486857200192,0,0
20,2,153.403766306408,13.7257900549766,234.861645647484,4.95443175605321,0.0202738917850069,0,1
2,12,115.778955076355,12.1816522525767,178.496921711615,4.35743105515128,0.0436010902080827,0,1
14,3,164.743304430432,17.5615487352998,245.736031698549,5.70740824339814,0.0286169618446087,6,1
24,25,150.890758678106,16.3249859995422,146.899857966708,4.551116054305,0.014780717204551,4,0
7,14,146.678234100506,17.824744461121,198.447490642139,5.17327919486667,0.0683698282766408,2,1
12,1,166.453500811668,33.061937230338,271.346021787395,5.19921946698402,0.071718631517559,0,0
20,11,166.577787743353,22.1586208729804,232.582860501325,5.03591020746902,0.029262867346866,2,1
22,22,168.097313880315,20.8082479959004,203.715715659824,4.46540098009519,0.0692642647097105,0,1
2,17,111.235134068643,17.7840130526953,185.069790631306,4.78135825090857,0.0307982547492349,0,1
7,7,160.215989986752,29.9472554342317,239.474138564289,4.76399845367151,0.148646985218994,10,0
5,6,150.662590684655,21.6928033587103,256.862657492752,3.31696835803041,0.092289129399289,3,0
17,18,143.915088332164,18.5254120361144,236.215240322332,5.08610067626747,0.0665425073561799,3,1
15,21,154.653106005425,21.2786978744619,237.467959932485,4.79600468019325,0.05124244067673,1,1
1,5,185.071388038831,26.3627852777441,264.906519822911,5.00621474375252,0.0308649927650822,6,0
5,11,136.159964468326,17.7664313383705,164.641209065377,5.05291938249697,0.0183985076106185,4,1
25,1,164.025889857614,21.3017767710056,266.678265756183,5.34923865423425,0.035603023352716,3,1
7,24,148.496025908162,18.6207720996955,225.604925074622,5.04220700601826,0.0675293154130569,0,1
24,24,163.769834639248,19.0144511184533,250.08497566173,5.82123764167482,0.0328431083587846,2,1
4,17,113.445719907234,17.9906561715453,181.379695494887,4.83859982378947,0.0517391174185546,0,1
21,7,177.214129066537,20.6454551039712,287.272166564267,5.30108196936497,0.0336172605172508,6,1
23,16,166.17547087272,19.5952960837026,275.629180646638,5.22504521659037,0.0963481664221341,0,1
23,11,161.500982598566,20.0935526367687,254.916598632347,5.33026044774991,0.0712688010775696,0,1
2,2,145.004297408001,34.3252415154528,232.120931989486,4.49757711202166,0.0857958278590319,1,0
10,4,123.008917855741,13.1583635157731,190.32517889564,4.90383906813634,0.0125198338845176,3,1
6,14,139.250473245813,23.1299034524906,239.499013987192,5.37745140081707,0.0745478562604584,5,1
9,13,133.17718634609,17.4195585562023,210.266468240368,4.44809645888717,0.0818097814425284,0,1
5,9,135.401493422891,22.2156297327406,191.617661842482,4.87659700565238,0.0455250555867952,3,0
18,13,178.205225425334,22.2853132130297,275.106783668579,5.67147482832129,0.0789910754359855,1,0
25,21,168.05598973667,14.6500537230981,287.374043289747,5.70163448178948,0.0363832327797158,1,1
3,13,181.537776004128,25.9395704552235,301.431318708857,5.03520246180501,0.121995566757753,0,0
4,10,127.372136647284,15.5016618214636,190.698589006511,5.14463277113457,0.0301413482429734,0,1
16,6,172.19340693744,27.1723690387406,287.912275845824,4.18817324404851,-0.00591099350811765,4,0
1,16,121.728628523269,13.4730452765849,155.380687310874,4.65077774114463,0.0707273422749679,0,1
14,23,163.728683235943,13.7515697070597,219.46045129153,5.23919951023573,0.0247860476010768,0,1
21,13,176.494730588823,16.6862036972079,276.207758320861,5.50159814761457,0.0514808643058852,3,1
4,5,114.451572366188,16.5723733755105,210.096249337843,4.79105196914082,0.0617281385278081,0,1
13,16,153.047224489275,25.1859019696315,271.410759080185,4.86004758973378,0.0697114702555567,1,0
11,11,143.032325073985,14.7131674157584,212.857134276051,4.69562286933813,0.0838882572199419,3,1
2,24,120.535968413362,16.1718497667367,178.005092522153,4.73432110790874,0.0378801858918776,3,1
21,9,165.143472827639,33.5957080421476,263.698753853968,4.3969622406385,0.0476478672442255,0,0
5,14,143.893955632593,16.6019757065155,221.927308090366,4.73339643632005,0.0728897015548532,5,0
13,11,163.109331063618,23.9322864100821,211.971644973581,4.76396809033996,0.0542726063648026,0,1
8,10,145.441429239157,14.1564326708345,214.285277275216,4.5723281524269,0.0346010094927085,0,0
10,16,131.211085267642,21.6939724715617,189.562758504034,5.00670467185299,0.0147559507981123,0,1
6,9,130.943115336046,18.9965395773047,185.862233131236,4.80311995407785,0.0872879695079974,2,1
16,18,150.14791786453,16.9191567299979,225.374363205852,5.33313745522431,0.0533444852574692,1,1
5,10,126.447840287593,16.4543904371221,166.690058234298,4.83985500512412,0.00718483358700758,3,1
3,5,123.611551527557,23.4416481190682,248.203342346434,4.49955283893292,0.0189752373288065,0,0
10,19,119.016160581266,19.1726924394278,181.500504916197,4.65127924958563,0.0351430214426694,0,1
6,25,137.878952263375,18.7750442535543,198.44826699305,4.84260830665732,0.0674188449999999,2,1
1,16,168.257816668043,26.8019804579375,203.935268184424,4.75752881509189,0.0559103671018629,2,0
5,25,130.038669212773,17.1933730735265,157.64946871178,4.78886330628625,0.0187420570991435,3,1
13,2,147.519753158601,18.2553277525741,212.934742679836,4.68113123936938,0.0456781622614832,0,1
8,10,146.05987562136,21.7335519502785,182.714726243076,5.74847773236434,0.0813969132691856,0,1
20,5,137.346964279596,27.527397316301,218.560181135555,4.66884521144728,0.0581236242390998,1,0
6,24,140.387598536157,33.4959642884308,217.952212627429,4.44533338823381,0.0265138203397067,2,0
10,21,179.951562339431,30.5009330931527,268.350196768902,4.37690280519269,0.00753455997887401,2,0
17,2,157.743044147885,17.0359226077306,222.437042622655,5.2508528083598,0.0508196363623644,0,1
25,15,161.81659196088,16.1882129460867,276.838357997102,5.74404887968504,0.0140579005968782,3,1
15,8,143.704568472025,15.8005395476236,223.014244870938,4.63910776849156,0.0110101594953923,8,0
21,8,167.196987196641,25.5926018451278,282.770338756266,5.20966452430194,0.0368342235635188,6,1
17,4,148.600090846504,17.0658286496447,208.316160048625,5.37624503516903,0.0811891207653043,2,1
20,15,155.749199586288,17.335685236941,238.955252945744,4.7403229485721,0.027656838639093,3,1
6,20,133.921353539614,21.875596613914,186.936579082049,4.60796421180984,0.0618057208174039,3,1
17,22,115.831995850302,40.1939214817151,193.397309636368,3.90017247030819,0.0442299696204036,7,0
19,1,179.099321868507,25.0666461509958,278.382129469718,5.52240442883039,0.0641871915817419,6,0
22,6,165.111504092492,22.8557660580755,211.015112866717,5.235497933758,0.0608360455846455,0,1
23,23,163.540210351307,16.266051597499,219.900234092737,4.60429371065017,0.037837240407468,5,0
11,16,153.432505137117,23.7769107123993,208.603480616683,5.24206261040643,0.0769447629007358,1,1
24,14,170.589491040207,15.0322511958638,238.413487182719,5.92515452967011,0.0268630715556528,2,1
25,12,162.276473690661,17.0920533227186,278.529791971807,5.4367566066934,0.0299567409613806,5,1
4,21,132.723177876033,19.0935042565779,199.877898644303,5.0102803368084,0.0392078533257617,0,1
25,8,163.019507692822,21.9739715440662,252.270270296038,5.04165288812973,0.108895495246236,2,0
2,18,116.654787204795,25.0659797730251,160.138269898311,4.75403906500815,0.0251480312963862,3,1
20,10,156.646043001479,20.896327612247,200.900407829375,4.90419844202908,0.0374819163592157,2,1
12,7,159.401680709797,21.9176789311506,215.668156093739,4.89148456509296,0.0696283234134821,1,1
23,13,151.332987515141,21.1933466302564,277.20978108051,4.46753579870793,0.0495652873122224,3,0
1,24,153.382111798881,10.3530458369822,236.759737521276,4.04668947271785,0.111116805046669,1,0
6,1,185.562719347986,19.3521958160781,244.230062481481,4.46229796893409,0.0502404845041261,2,0
4,9,175.124322661444,23.0675572235746,259.072112004092,4.69885369135456,0.055807683828553,4,0
10,3,135.047116207627,20.6076929004342,193.763372722125,5.26724575360659,-0.00155988217258145,2,1
9,8,141.81497511427,17.532539723502,201.624086925764,4.13363216754256,0.0931967699742,0,1
2,4,161.222854172635,27.2979165404574,241.77744970744,3.69346856024572,0.0800487680182168,6,0
4,11,118.680004954336,21.5111354429374,195.549254803596,4.87587634425408,0.0606821172768369,0,1
22,10,161.609188464146,18.090239470134,220.07126515511,5.13382274060693,0.0715388855027625,2,1
1,14,153.433652301391,38.3434029559951,201.141396151501,4.3472383978247,0.108487536952527,8,0
10,8,133.826034973705,17.0247653724467,204.215669726769,4.85164429731973,-0.00115968372469222,3,1
1,17,140.097153332682,13.9871654126406,202.008300890115,4.46408875064488,0.0652504370030367,0,1
23,12,168.941078883754,17.8583812511599,271.069227356999,5.40874174165953,0.103206331630954,0,1
3,13,169.227377997491,14.9311638786991,242.73836807245,5.00054978127333,0.0306343147596534,2,0
4,6,166.533340377492,33.0816953252426,217.320086297196,4.79940225364841,0.092752278587291,1,0
20,18,165.633610015475,23.1403398743329,240.200215761717,4.71071717430435,0.010690809661415,2,1
24,17,166.720847849126,20.1033431383649,261.624286149303,5.6093285741318,0.0305702233545953,2,1
22,21,157.792634567647,15.7397632009301,215.3342286871,5.04775355361847,0.0795677069430442,1,1
20,17,152.414592707169,21.1234113917312,234.327820443432,5.10447927048287,0.0131712774229479,0,1
1,24,128.715029393696,16.3445246037683,188.250202209011,4.51053389242084,0.0598636085524687,0,1
23,18,158.102811520091,16.2657091363089,280.397235405175,5.32561416168592,0.0678501087745337,0,1
24,5,163.74626714902,6.02453383859194,260.554493723136,4.00594376502357,0.0418539511141406,4,0
25,2,133.15040229862,16.7278910387785,217.652605285559,5.04268878425154,0.0571737450419961,1,0
13,18,152.582980051269,21.4463217630279,217.471883243174,4.64770848711562,0.0360824635581634,0,1
15,13,146.113773193845,20.4975553521745,231.350813285018,4.67359271674045,0.0303917101463153,1,1
2,10,104.254636422815,15.0046302614705,166.488955945527,4.93157776122284,0.0432935600866401,4,1
2,20,113.56792927173,15.3229445134474,174.301397361662,4.3711525678939,-0.000786821320793191,5,1
6,16,133.252714691381,18.7506552681058,213.600659514247,5.27284979171158,0.0881885394080536,3,1
17,11,155.065468945786,12.6010385731795,219.812617459464,5.44441949301425,0.0658037560649071,2,1
1,19,125.744142191213,11.3556036803408,170.179311513221,4.50261953836488,0.091214208881924,0,1
19,12,155.409767149336,15.2628371624859,219.034976667712,5.53292575459874,0.0689897254886584,0,1
24,13,148.668657943655,14.2536191148964,248.20222451018,5.41706703900433,0.0357492079147858,5,1
6,23,139.469587742045,16.7179986885508,196.817949121355,5.46573231830659,0.0778344085398788,9,1
10,5,125.505209618654,20.8381952648828,210.677608368504,4.79307905641261,0.010046537469153,2,1
23,3,167.204522666251,19.7711432802416,261.7673384415,5.09193650636029,0.0797776372846925,0,1
23,10,170.331269136775,15.3886472363102,255.184581804099,5.4880826336832,0.0728150515818717,0,1
5,9,118.235158941497,18.6686964846421,168.820449206638,4.96428302481072,0.0132626488345077,1,1
4,4,127.844888777072,16.3482205882916,174.533838255397,4.77863016034911,0.0681730430376701,0,1
17,15,154.149842243453,21.9389942085202,219.252962678633,5.48277031712482,0.0567309818170366,2,1
8,11,139.635487964103,21.0000890667698,194.309915301002,5.68102981853728,0.0676256774043663,3,1
6,7,132.102078101946,19.1794761428319,182.494405244419,5.34666260364598,0.0854105253206471,7,1
22,18,162.035862400559,26.2427504700725,242.030280623292,5.44734600835747,0.0691230459563594,2,1
18,5,149.339891432504,18.4867022106959,201.682394691805,5.2272003505261,0.0199018708698349,1,1
12,13,141.831333965583,34.6089295321963,247.504487898374,4.0608235054199,0.0225256604671301,5,0
13,12,147.027241938479,15.7599586620132,210.061043184584,4.72655586238936,0.0550480505939433,0,1
9,14,136.709490324877,16.3146881517311,194.702215177049,4.33012216299188,0.0870743136716543,2,1
13,13,155.983737270516,21.8314943977,214.032363204713,4.87789891283403,0.0817254236470596,0,1
12,13,142.448197376225,19.1924430303963,192.205446695965,5.43262583474305,0.0594965218957994,1,1
20,25,155.355818207432,21.2967917119405,220.287145034426,5.22207748255969,0.017210083974181,2,1
3,8,166.680183206956,18.0185460677174,240.096175995548,5.03714784410688,0.0247983030672894,2,0
4,15,133.04623988045,18.0104247838287,187.740732311521,5.04135856360334,0.046289716270009,0,1
24,9,164.400942830454,17.0165925229338,240.426841832113,5.84031290960925,0.0372646088829033,3,1
3,23,112.259800274963,21.254508740376,196.950984021636,4.64719363610459,0.0383289890972315,6,1
18,1,155.301825974299,17.4677934077649,201.714483893636,5.4448836473818,0.0181983989141153,6,1
18,23,149.953524553447,10.3860027899166,198.466855869135,5.21880309749468,0.0405057932361748,2,1
14,13,150.913442963707,11.3472496591733,220.425093355822,5.33976918163896,0.0306521489943031,3,1
15,23,147.040118589384,13.7748071516697,230.825722606084,4.64241862042242,0.0294513698904047,1,1
10,14,136.631653377662,19.5793547952091,211.615833782886,4.92652379906307,0.0371874401821105,2,1
7,15,166.203284420788,25.985037038297,237.815392196349,5.21260678992061,0.119594520344004,0,0
8,22,138.944380259492,19.3591484452045,198.457703500021,5.30929189770203,0.0968447033175335,0,1
11,1,155.275595150619,24.8027531830093,211.920231174523,4.56596714286481,0.0767996065313629,2,1
23,4,157.512434217574,15.8457774931357,274.393750349006,5.1930686809323,0.069045370120678,0,1
17,9,137.011532285534,18.0620842572572,216.725026064538,5.31823516339979,0.0445576532775248,6,1
10,15,130.733447049572,17.8006049809656,188.907585073381,5.15959429560434,0.0285035186871557,2,1
2,18,184.925580134938,21.5661708266792,276.00308680033,4.80182627206911,0.00963937053531826,2,0
19,5,148.536858900197,17.3180968651852,247.692343114623,5.66568054182857,0.0876036500556786,0,1
10,24,128.555650395221,19.7103724369564,195.264410156743,4.85820489531784,0.0198514977986426,3,1
10,25,131.363603706963,23.5326269304354,224.043909688582,5.40868564016308,0.0802313752477633,1,0
1,14,129.765692145124,13.2226844193579,183.83290540721,4.5764971413977,0.0623677318151568,0,1
17,21,151.531490802329,16.4668587017472,216.954040704939,5.19797200086364,0.0502548493751176,3,1
8,21,167.572725454077,26.4463678550583,263.483564072309,3.97988024655382,0.0466182043649031,2,0
18,14,149.600550359104,16.5107153334451,226.268763098291,5.19545569505117,0.0222265330155881,8,1
5,24,130.631327927613,14.3073605916284,172.931158143035,4.35732862542359,0.0246879850314271,2,1
3,6,146.216018276613,25.7977013689013,253.786823481743,4.63870453995449,0.072628541316357,0,0
14,24,156.92823004826,19.7967346826496,238.801431603433,4.89634714188774,0.0177031593842479,3,1
8,5,139.325127761566,19.7972125017095,237.675793288427,4.86946379058313,0.0858618605891364,0,1
12,16,178.518255779541,12.166982674001,260.770203986359,5.36950482788751,0.0376502174249812,2,0
16,22,136.569131247431,23.5352924004432,208.109556340975,4.45802502137278,0.043903411823819,2,1
17,3,127.725425061845,33.0663594951301,188.052616190699,3.35476607895083,0.0338823678824932,8,0
18,15,155.622088742515,13.6235965192102,216.513821636544,5.65623639398406,0.0361023656832786,1,1
1,18,128.224882005544,18.752772138006,176.386785793604,4.62450896511748,0.0652760261578963,0,1
13,22,145.154437924741,15.6991028559397,222.508551368064,5.00217574254845,0.0541595743303554,0,1
3,18,109.065784204816,16.9997395197079,189.00647365084,5.10729734153449,0.0548285793114198,6,1
19,10,144.493404865712,14.7353633890886,216.922602813272,4.08677301127385,0.087727892712313,8,0
15,1,150.228621666407,18.2877186130337,231.415952509282,4.64042962047583,0.0405737196964662,1,1
16,25,140.082921572847,37.5773970462729,211.515758540564,4.45313204195655,0.00599579656530682,7,0
15,18,145.659047847112,17.1971151705729,222.070850937078,4.95496938311357,0.0432995738605206,1,1
7,9,147.018275375206,19.0504927068449,209.092245946281,4.82775548429074,0.0614355062728829,3,1
6,10,133.219658742085,18.6792090382341,201.718798120456,5.16720524512087,0.0673000550917712,3,1
19,13,157.241822824244,18.65761331018,243.939192827651,5.43879261755348,0.0654874899017487,0,1
24,11,177.326203855148,17.6017478699838,239.462849558127,5.80254165120507,0.0378691905670504,1,1
8,17,142.038031701978,23.9941868433985,206.158066024537,5.33597101503607,0.0801754161754803,2,1
14,22,143.287034168005,22.5381693641225,215.784372502747,4.66953023590652,0.0128624815693597,3,1
13,24,147.945095447203,14.4722901991759,219.937690524345,4.5482694056642,0.0621242648665736,0,1
7,5,159.394189374779,30.8482198796831,301.967612130682,4.99255250729507,0.103571581273772,1,0
15,22,176.47277951035,4.30150868617425,271.331104394978,5.66581885457595,0.013041966879416,6,0
15,12,145.930041920862,16.553563898885,220.488208813353,5.19602290347103,0.045521598798499,1,1
25,17,164.72443609212,18.7140087158157,240.575792157987,5.18259593551224,0.0494072895737037,7,0
19,21,151.031716307728,17.6075558501888,237.364888693009,5.38244419877898,0.0707815638017971,0,1
21,16,173.664966189483,18.9698672799729,273.56602425683,5.49608221387602,0.0649411619266609,1,1
19,7,151.002387979827,10.2174426702287,229.980949723508,5.86547904193739,0.0655699659069365,0,1
16,15,163.750309988383,17.9824474921169,240.719090098996,4.99702349381681,0.0417640981908394,3,1
23,10,125.006710905492,21.1595697167533,189.9245757876,4.318361528895,0.0945185426234769,2,0
4,5,163.263028807126,20.1791297556567,246.755875288073,4.64783518261869,0.103102232541091,1,0
14,17,142.149459373364,16.2443774409891,226.323563299506,5.01842127031223,0.0343697410623834,3,1
1,15,137.402839262714,23.1416487132762,247.755482697491,3.78181621148656,0.0639411405398201,5,0
16,20,158.127139460935,8.68075611220098,217.003971681978,4.449618870424,0.0859769424341878,0,0
23,25,168.113631045289,18.8700815495702,269.841330804101,5.58189175903361,0.0943455432900062,0,1
22,17,163.189565530119,10.1614189648598,210.219223594259,5.49138952442804,0.0790501068866183,2,1
3,20,121.264104094077,12.7847153854205,196.66860702388,4.78956486870974,0.0372149491351561,5,1
3,22,152.414363337755,31.212397318161,218.176946691993,4.29415783209754,0.0353644100063224,1,0
4,1,117.868658083019,22.8436392277052,177.84877315144,4.96964460787205,0.0547400021599193,0,1
16,11,137.44936399064,16.592936395871,230.947457626333,4.08458606185854,0.0385860349214324,1,1
13,1,141.175707780594,11.8358758144246,201.953165809895,5.22089047604741,0.0645517939445353,0,1
17,14,148.290468375227,18.19953406469,219.552604775194,5.05965320131101,0.0729317070562974,4,1
6,8,149.292140956911,23.5938705996155,226.325909797296,4.65171467528739,0.0990344287117786,0,0
23,25,126.69164105673,26.3180836383053,232.134694584344,5.26390531244469,0.0882954931520984,6,0
9,3,135.023203049911,15.5561026289114,220.117742627565,4.16671939669156,0.0873442467461378,3,1
16,2,156.829373839696,17.3882466654537,236.140063735624,5.31465625909077,0.0237307163045051,3,1
23,16,118.412693412914,15.9640690614398,187.301770451928,3.61694078586016,0.0726031311041545,4,0
6,19,176.446127028026,30.998401857236,327.970852619135,4.7572610028359,0.0159922987660835,3,0
12,7,161.931623238709,21.2722746323059,226.816796921199,5.02991378677283,0.0504711613731478,3,0
10,14,171.835576240709,14.4669278786245,243.767947476236,4.92506773143437,0.0448985471223484,12,0
9,20,164.696812967094,30.6380628949806,258.522100530547,4.88699896877637,0.0204509480493493,2,0
4,23,114.479098207802,20.5232736403671,181.56615277804,4.913647654348,0.0494339965565073,0,1
8,2,114.285051949617,16.8617429956684,179.764976381321,3.90880288548436,0.0369240789032232,0,0
25,23,174.486288897078,7.70472228760017,303.763459981878,5.66863769202866,0.0171474112298498,7,1
1,13,135.312892427625,14.4568948103613,165.330787372976,5.00895885528557,0.0667745132537963,0,1
24,11,174.515414283035,33.7719735455502,266.806185544203,4.89321673084146,0.0905741021097588,1,0
19,3,148.34965564173,24.5599813042543,226.874223940951,5.68468147864988,0.0927506357391889,0,1
19,8,169.010528696363,18.2284266057425,240.115773133918,5.33194707571299,0.0890223348882789,4,0
7,23,123.922178474364,29.0084718085401,212.261470268324,4.35476909134216,0.0232336555138987,8,0
10,12,125.067751466025,18.1804202942163,187.883691491047,4.83998702476357,0.00552256669043674,1,1
10,20,123.939469252787,37.6623900672748,206.253496047565,3.84743585404316,0.0176618060062489,1,0
20,20,150.753405332419,20.2606562522367,233.701643816718,4.93932084018329,0.0217244450263565,2,1
15,16,148.905892730682,17.7053551391799,221.135052749721,5.00908284958374,0.052537337850533,0,1
23,15,186.019962285127,14.8490666698297,309.772757606151,5.26579285742354,0.0179010350771539,2,0
7,15,152.501657133186,19.059472457057,196.13663213688,5.00184949417283,0.0653133590000832,2,1
21,1,166.342266799015,24.8823889856242,266.884324560275,5.88340649451996,0.0455054553900614,4,1
5,21,178.901488797868,6.73172579802286,238.512619413575,4.78846233657833,0.109168333676664,3,0
13,6,153.112852415418,18.7327686573846,225.703356210803,4.67851225843338,0.0516087539881041,3,0
19,6,153.406914901434,15.5068853472291,241.678145640531,5.74072367649168,0.0632480002028721,0,1
25,12,150.975100183967,14.3052218121349,266.523474118589,5.71604735739812,0.0163052316407094,0,0
10,17,131.975421929457,15.3906101141289,183.891193403167,4.72585748027561,0.0275061002598381,1,1
1,3,113.434259393203,8.23813228569792,191.212223327761,4.55412245431472,0.046382214538676,0,1
12,8,153.487596044398,18.5571139503686,200.758317576627,5.6473294236551,0.0729937783885727,3,1
16,19,161.637779532994,26.1411798331522,240.082602923466,4.6868594913863,0.0318098728170762,0,1
11,4,160.7188025488,20.8747524427736,203.886765863937,4.79116898213415,0.0604596836053712,2,1
2,1,127.318502535623,17.2978965190315,156.679106464506,4.61886121217251,0.0290790353339983,5,1
12,14,139.636760740832,17.6628301857022,190.222970968136,5.469094955236,0.0696834949182818,3,1
14,11,151.35861978274,14.1957616333087,228.790930937115,5.1896564027037,0.0215286749125919,3,1
9,17,138.825102634886,19.0062212775129,215.586412315494,4.55026986430994,0.0826432020142127,1,1
21,20,167.501200513905,19.1729594373899,268.087552268482,5.66298401986904,0.0533544503767717,1,1
13,10,145.843973796588,16.4396288583525,229.188696790263,4.96343100401603,0.0463118485287418,0,1
20,14,165.83414912455,14.8470014512416,244.457808204015,5.08767948611521,0.0399440600027117,3,1
23,8,164.858434626263,23.7607826454014,266.491055630124,5.39896848377605,0.0839731939127726,0,1
9,12,139.411877387939,25.0551636106494,215.702481647193,4.31230219264878,0.080270835178045,1,1
4,14,113.684739092096,17.3706381916761,173.464077688085,4.30486062342584,0.04355800806205,0,1
20,23,151.410053949073,18.3692963681695,227.512929610902,5.17975300019003,0.0183345764842358,0,1
19,2,146.423713168273,16.0797054699117,235.652665245063,5.94315632996065,0.080546577380782,0,1
24,18,168.158909538606,16.8676516591156,263.018607127131,5.77329602707998,0.0445780390616944,0,1
24,10,170.736481089836,18.624573518352,243.467742649808,5.38926197675921,0.0209186285397534,0,1
16,25,162.90248858033,17.0101977272234,224.76797938386,4.84381342842764,0.0469998413600417,2,1
11,21,158.641432275413,13.5344883653682,200.500055804587,4.97227530741744,0.0746956208174905,3,1
24,23,168.477298554236,20.1262489574865,239.822014437069,5.753045897887,0.0366890543929246,4,1
1,2,160.188819035738,10.0848343505337,200.006897250442,4.83142128741802,0.0790528152560731,1,0
19,9,153.883454196024,16.7003002316394,235.168999215759,5.77246739588227,0.0618757889034015,0,1
5,8,124.78772437257,15.5517463363743,177.769216137282,4.84847773068081,0.0355738175785554,2,1
18,7,144.018285150414,11.2722777072437,211.922909509332,5.30102170876617,0.0194403134194611,3,1
6,2,152.35638539246,7.78470059619669,196.799732857697,5.07707968566898,0.0704003274670621,4,1
13,17,155.547575174716,20.5653852056182,213.182002691779,5.238704412371,0.0702731774997046,0,1
19,1,161.063149054587,27.7005830392879,231.804885039734,5.68425688898407,0.0751028064682027,0,1
3,7,119.915921284932,24.9259819472147,216.489718988137,4.73230379480636,0.0457438285029349,7,1
18,6,156.572636896575,2.98400861196308,208.2994195322,3.63268036207935,0.108185327813658,7,0
2,3,157.893695239368,33.924612788418,248.609240167976,5.44521613682986,0.0876340025079582,9,0
6,17,135.319314706194,19.9115325677616,211.241258661842,5.56044334774624,0.0822653563382779,10,1
19,19,165.18983035459,15.6172733951925,240.657740704041,5.39433910232027,0.0725663884041008,0,1
14,20,121.400671806833,27.334748289068,196.050592779946,4.14927931571684,-0.00157300917961634,4,0
21,12,160.373523452711,12.5362835804242,275.160636362832,5.38711247375791,0.0588638010544972,6,1
10,10,130.722753772537,20.684483498644,197.253888198784,4.62546503899321,0.0258689141758763,0,1
6,21,136.357781107769,15.6282130715513,211.437772922861,5.35710290809162,0.0704027763126236,4,1
22,11,172.209841315928,16.4135503893883,208.23130921207,5.26981836858721,0.0758324290825797,0,1
3,25,125.486870076163,23.1482853760494,191.294115337924,4.53919282941865,0.0398964541489396,5,1
3,17,132.447752143946,19.8346562224508,195.246587123473,5.01065884669483,0.0321736733784331,4,1
17,23,136.703333666888,19.8689245594243,191.644117211529,5.40496102739812,0.0580662448184386,7,1
3,10,121.814666706505,17.1273008091752,201.023439615944,4.89627120630812,0.0552239180307887,6,1
4,12,158.558140129029,24.3485534115721,239.088804081607,4.46217537368909,0.0456548148301238,1,0
24,12,171.912490696407,8.50085062807285,211.524133045033,5.54491366236947,0.0218302063402228,2,0
11,24,179.004053073432,24.0350529701434,261.395663856342,4.75325205734456,0.0861801125820729,1,0
8,1,139.373570388589,15.0127890601245,222.870965590211,5.0967221202459,0.0758565665727546,2,1
22,7,153.398736408385,21.4602285075879,210.849731517445,5.37346340722836,0.0448206653275249,4,1
5,6,120.237490710404,14.5934207416017,177.990770468489,4.84753728471484,0.0216530102080451,0,1
24,23,156.899511150861,23.4818508142453,300.500228657414,5.59429188682702,0.084676197940328,1,0
20,11,148.007707411919,27.9765281053311,190.981239423442,4.53919134283433,0.020972962696672,4,0
1,9,138.81032907656,18.3590425863984,184.26941347012,4.80060430684815,0.0650936277442668,0,1
19,20,154.124525654302,21.7326920315276,212.74827594995,5.58732893871457,0.0757014877678915,0,1
21,21,173.216758059694,13.8039231260162,276.197219634322,5.70266858029315,0.0442164536056967,5,1
11,20,160.203033992048,22.7671869152686,242.517465825296,4.29197417101205,0.0696161458937184,0,1
24,22,167.862175541502,13.7673311571312,253.065972040022,5.79218937791587,0.0319298078988126,2,1
14,15,160.468752009387,16.5582232536098,259.459238867658,5.13202153732675,0.0411873159222131,3,1
6,18,134.200914992198,20.6582217891579,209.657247778442,4.90540514705727,0.074551112140865,2,1
13,4,151.703807043414,13.2868849559646,225.113067634234,4.91063205621281,0.0608741956986276,0,1
20,19,165.38858008828,9.49231686506606,237.175866737694,5.25685599703393,0.027068456448377,2,1
2,20,169.614427498968,11.8392726588765,198.989501836963,4.60432993616803,0.0287085480189756,3,0
24,8,146.129107576791,27.9103226081619,228.098297800409,5.29299630001146,0.0351493935797848,8,0
12,2,136.244574242897,25.5479434998844,213.767265132703,5.01649036971122,0.0616480811232384,0,1
20,4,169.924873854717,15.2252838545521,248.231804092982,5.04375952136324,0.0178738235508146,2,1
20,9,170.975850056537,19.2855621396825,222.943543164129,5.36230199080801,0.0336203750129712,0,1
16,17,138.45463993523,18.4540188029568,230.589945059873,5.01296986656846,0.046043407814889,3,1
7,17,138.694576755892,18.6147798288755,195.333553972802,4.86043617076922,0.053337755655261,0,1
9,24,132.717170189307,16.3343038937806,221.615124000488,4.43686300776332,0.0817887836072615,2,1
20,22,155.995545416093,11.2001824148949,223.013370051639,4.97924891144926,0.0539315077196525,3,1
22,24,163.216826211921,15.8974150349933,201.011079319927,5.03319725641847,0.0798173994511391,3,1
15,14,144.412215043746,24.6104604803765,216.872812565157,5.21454817867782,0.047404020426641,0,1
1,25,171.294117325708,23.6984804777837,250.25390403565,5.32187372412549,0.0197950921443161,1,0
15,15,114.476547279259,22.1143141150484,214.811067637787,4.11806108429731,0.0456368560450726,2,0
23,15,159.039365777325,18.1241496211207,249.906346571409,4.84165430073408,0.0807627465350374,0,1
14,19,149.522861897239,15.9013702200394,240.379874817153,5.24886595219213,0.0119947644048096,1,1
15,10,143.589605948222,21.0974637606066,226.802456212045,4.75623349792696,0.0387380287221388,2,1
3,9,112.198980526915,13.8210002162173,216.925294213191,4.88240000128464,0.0175862888117245,6,1
11,12,176.294645820391,23.0138836497083,292.653141019817,4.79236879934834,0.0106433183261158,7,0
9,1,118.872412229593,19.1947312681851,180.085178929452,4.77498807382381,0.0729949820238307,2,0
6,12,126.483649088487,28.4939806672747,203.594776234177,5.18865781951981,0.0777953629827568,8,1
4,16,106.917956115481,12.9452176008703,189.143950837745,4.43569950134843,0.0562385798060908,0,1
25,20,151.459572350649,12.3992619607215,271.558390091501,5.25678584709786,0.0290127414639287,2,1
5,9,162.182167218116,12.7305333862456,212.300807609893,4.09472018314527,-0.0120148285390455,3,0
18,21,149.007038754305,27.1426255401192,212.892871377822,5.8991370212639,0.0291904802269147,1,1
3,9,148.305989753349,12.7650933885344,233.473200933466,3.68320646530813,0.0869484001547225,1,0
16,4,139.950890072445,27.9711579448822,225.677103452977,4.58089556751316,0.0562296246044846,4,1
8,20,145.006142023665,18.7581646627808,208.482751627597,5.16584060837587,0.0638767274937931,0,1
1,15,141.45822441537,18.4065177261625,204.464275929652,4.92569690848298,0.0428806470271485,1,0
18,6,158.81230741064,39.3546703184676,252.00762613207,4.15648076266966,0.0399471752746932,4,0
1,18,161.072016865115,27.1244609330363,255.681424146386,4.77225003064956,0.0443575052212215,2,0
3,12,121.595179422672,16.9775693785779,213.013643936623,5.08054117162413,0.0325569062838767,5,1
9,6,145.799617865284,12.5491286927695,202.517910197491,4.05562724955708,0.0728297402040815,4,1
13,7,148.572254654156,21.5724008548651,236.662027725142,5.23950434750985,0.0620790871553982,0,1
7,12,144.566387915798,19.2662233607514,201.009594061949,5.21247104183352,0.0628553760508633,3,1
4,20,167.767015366591,25.975702447708,267.491723947561,4.25671715660609,0.0318617894872321,1,0
17,3,155.049152113726,25.3758763762572,209.411999309695,5.34730267629774,0.071922161622875,5,1
21,10,172.571997824399,15.2350907643645,258.261496723411,5.1538352101579,0.0491572882519959,2,1
19,15,157.512521084695,22.5724138865186,245.420757379804,5.56052988395492,0.0874893969442089,0,1
17,4,162.593749507234,15.2933323409982,249.975736043412,4.18386700492213,0.0682586908921784,2,0
17,6,149.440293621904,10.0402932260225,209.786797979509,5.29152747878595,0.0572206503787359,1,1
3,22,126.923015155286,13.6676994326431,194.73343226302,4.73795938405086,0.0543408675311653,7,1
20,3,155.240385801967,11.9554608609137,221.047106893804,5.54105297668499,0.0126922384456411,4,1
23,12,140.137048185747,21.4459042982091,207.063522567904,3.57355324153304,0.0278293403405363,1,0
25,22,155.710743011808,18.656072098305,241.817233878754,5.03612466838802,0.101203550614947,0,0
15,24,128.918119608358,23.2857049989468,234.608456663286,4.35003954359822,0.0708619720950182,8,0
8,19,166.866815853858,15.6376924967505,209.390214166079,3.82013714089393,0.106557346989577,2,0
11,9,160.608972589888,23.8854680498879,196.754330385888,5.13249265271099,0.0764471516282797,0,1
8,12,170.110334821114,13.3786453276807,259.656505093029,4.4909252628208,0.114222804052383,1,0
19,11,147.044840642997,26.5189547087759,228.976388194071,5.42189274775322,0.0731364605337081,0,1
7,7,186.797114430635,14.4107228475501,271.132716382417,5.3205923415226,0.0159552569957189,4,0
14,5,156.697284792605,25.3909103651683,241.192110795991,4.79686788710768,0.0269928313794879,3,1
8,21,145.965882153268,15.2664947772341,216.696254375557,5.33848381601624,0.0840494770868232,0,1
10,2,132.170861485721,14.4220415149729,181.357514578613,5.25173914581893,0.0127462619378389,3,1
15,7,142.527476167775,15.4624617389232,234.885733716664,4.28383124485898,0.0405529089570255,1,1
12,4,145.154822480064,22.134093236099,216.119222045513,5.41874081177237,0.0504389238186704,1,1
21,10,157.362886764783,27.3892857500087,230.504589452073,4.16916588454495,0.0175677579135891,4,0
21,2,152.009936813493,11.4001462993643,270.832731083709,5.44574361247148,0.0388761894646501,6,1
16,9,148.284514215768,20.0288324401271,238.863431320989,5.3085257061087,0.042605971316441,5,1
23,17,162.71457397311,25.2733388469155,264.27695938791,5.45919943225225,0.0679520512805904,0,1
14,8,153.2861548744,18.5904563874427,213.790925995671,5.55674287878199,0.0252576466218901,3,1
10,23,129.286407007416,16.8757095859721,193.414282638416,5.02041656803311,0.0273147540921031,3,1
15,17,146.080262030913,13.9221187453801,234.165049642736,4.99602015937353,0.0342991264080013,1,1
9,4,139.418270025743,16.8158356701228,186.033168567004,4.37349909673373,0.075621017063648,0,1
12,23,140.169487961424,19.0620659187612,206.981454806846,5.34080850068456,0.069956867349475,0,1
9,10,129.489860931012,18.6556316582418,213.823602994266,4.19087186099242,0.0858978393680526,0,1
7,6,155.44148892358,35.0530553338528,242.608637408698,4.74948892845979,0.0439194314107596,1,0
5,13,129.3435149508,23.6887729612382,180.613420119446,4.59768391953171,0.0163020682178484,1,1
23,9,178.676066304475,31.9480252115953,310.386116743433,5.14228252481044,0.00641221777413754,6,0
22,1,160.687632656881,20.9431814783954,213.416234737494,5.11422317214288,0.0559856118136077,0,1
6,5,118.220647533104,24.126881368452,211.922712095547,4.84514670270247,0.0749986869628807,3,1
24,4,154.562873195118,9.33359951542386,242.977856941268,5.40979835704345,0.00901781946485692,2,1
3,9,158.171677373859,11.3588223467792,212.718067173229,4.3299800637518,0.031768153364755,0,0
20,5,159.339260106498,21.4934076928387,231.714690345558,5.20629816231471,0.01879534573966,4,1
3,5,122.307152764455,20.1713255020638,194.187739178449,4.79210126049619,0.05285590309014,6,1
7,23,158.411725831762,15.8852128932338,209.064306005805,4.78845451743182,0.0570338513955293,1,1
6,24,166.587605035099,20.3939095946058,247.52418828979,4.02995120942919,0.0301430208325943,3,0
9,23,134.490107526117,13.760468486918,202.461433596347,4.18430094424897,0.0830492165485045,0,1
24,2,168.042838155559,24.033467710988,242.131833556721,5.59747523235119,0.0303900981270084,1,1
6,1,136.749075734327,15.9597353528649,193.602878058497,4.94787428772786,0.0529584082453148,7,1
21,18,171.031727933433,16.0698996122944,282.110885240814,5.67626160153774,0.041950536289338,3,1
21,4,157.337173759472,11.7577126521841,274.910093321029,4.90857447495494,0.0153987015754892,5,0
21,21,149.685850650173,16.9337245605475,244.12329662158,3.26291335521734,0.0795294956981723,4,0
18,2,151.596284596819,18.7895776482705,213.511817056724,5.31067759579337,0.0244254045572528,2,1
20,21,198.574963316437,21.7737901864288,277.709430871393,6.41735908644079,0.0930049896027463,0,0
12,21,120.869595100394,36.2510970242669,219.530123327183,4.7778741848814,0.0387356602491583,13,0
22,9,168.371566947084,14.6358722282124,184.636292127248,5.21279638584924,0.0755041398132636,1,1
6,8,143.172643324027,15.9609419529282,205.220638159733,5.23454395182548,0.0798250805705601,5,1
9,15,134.150836573442,17.4877749343159,220.917252860985,4.13470683430752,0.0750633148754559,4,1
7,7,141.091101720982,17.1754973441184,219.673990044201,4.9494709131586,0.0762750726957083,3,1
12,20,143.101634240731,10.2012157196286,198.801718075916,5.19720291869248,0.0616852273529222,0,1
22,14,172.971372508343,13.3129456022492,206.786959033058,4.95872301869056,0.0851742937157195,0,1
21,17,186.681709312195,21.3876002266546,287.106556923893,5.83803120363965,0.0404882312869177,5,0
21,24,154.259280309295,17.3200096255213,261.252236521432,5.55896217270246,0.0545522743032932,3,1
20,24,156.225597430094,22.2998498474676,240.707167649427,5.46889931154834,0.024981001289925,2,1
25,16,144.907642152257,33.5210498116917,251.929852661808,5.32167318763572,0.0913393415586831,0,0
24,8,170.099527840417,12.7935602223506,244.845528191713,5.56258490761737,0.0251008233406942,3,1
15,20,152.442510453662,23.130293835241,250.907967119125,4.74044636241846,0.0351839471088453,1,1
2,11,120.558729869505,17.303927062292,174.12459120588,4.51946817222919,0.0261213852320601,7,1
9,7,134.56860620458,20.8778654722695,200.792462504522,4.56750090906712,0.0834496885022816,0,1
5,18,111.597751992433,12.896475978488,156.043219988692,5.28355573353084,0.0208557981066224,2,1
16,14,158.325651882933,15.5359336994719,228.629799487899,4.94948581067706,0.042438108218649,0,1
22,3,172.363709477946,20.8472777184349,239.293926635578,5.57273474978105,0.0815967136739585,0,1
17,16,138.775423451277,20.3757929164643,210.150504018823,5.30224063518747,0.0643290931689942,4,1
3,3,143.682888300088,12.6933493167868,229.646420077797,3.48243116669108,0.114051938331648,2,0
22,20,163.118219931429,18.7970076784503,207.93034693187,5.43595233825963,0.0569185803007431,1,1
2,21,116.495499341762,15.2496126350264,170.15386435492,4.37496331060802,0.0548269742936291,4,1
4,8,120.717955931047,18.6495228622328,188.514367448503,4.62430371903709,0.0593759787920537,0,1
24,19,168.371669917728,11.9688684344806,255.193588536473,5.80780091706459,0.048670591764567,2,1
11,19,148.533697885802,20.1218504492933,254.345608677035,5.56343701521196,0.0795453544625998,0,0
11,6,162.629717680935,17.185394903245,234.336487291578,5.62477148074692,0.0617945540930576,1,0
9,20,144.250933505966,17.1858831083568,193.992263369033,4.59763368264437,0.0649288951037568,0,1
2,4,130.968504831923,17.7039541257011,175.663482766982,5.09102051616569,0.0347913613765961,7,1
19,14,152.993531157829,15.982854290823,231.050147112706,5.80697764961965,0.0819847278613349,0,1
5,16,149.589397904257,18.3823345091565,236.175045615799,4.7885754400862,0.121180819809856,4,0
5,14,126.925162858266,13.2103582090147,173.601153174711,4.68609141925937,0.0182331920557378,1,1
8,15,147.679656652825,28.4792967748448,287.951924028774,4.18265115556737,0.0747693386651476,0,0
6,15,130.037658043608,19.7531148727772,200.056680687108,5.17675062011935,0.0782846335928284,2,1
18,16,174.593349938826,21.7780281252738,317.304664301968,4.08807557468499,0.0115847234862602,1,0
1,8,136.456178724648,16.2742151895466,181.657217015513,4.71126341913532,0.0563569094696723,0,1
18,19,148.848147734689,10.1162682171114,197.719533049377,5.6849821894631,0.0332701213960855,2,1
5,3,126.854723956791,15.6032723884115,183.076327683509,4.87947471186238,0.0305520111412343,4,1
23,9,162.990463745942,20.9043687629622,261.175619248351,5.36072888424291,0.0738839336682119,0,1
10,25,132.165606695555,22.4565660782717,198.441864632926,4.92662378107136,0.00320672674724469,4,1
9,14,175.932465715425,12.043054192555,236.441841318353,4.60353722410759,0.109615119278296,2,0
23,24,154.846191697684,15.9881377468097,277.634718329594,5.85348508190606,0.0850856930642795,0,1
11,3,149.29281692098,17.8259709411977,237.574589203692,5.15745001240441,0.0928533282194882,2,1
25,19,169.0600746009,19.5487082460315,292.840510750254,5.43935636778268,0.0353463385202546,3,1
7,19,154.314431504009,19.3008999842731,206.851642587507,5.6105336633249,0.0562346836331914,0,1
6,4,138.553802257693,21.1041881219052,181.045733081632,4.85992522274139,0.0805219923491112,4,1
16,10,153.506309503359,21.3597818631018,214.857089292333,4.84740321532194,0.0260017962944268,3,1
23,5,157.127076896961,19.438251248229,284.866871827941,5.60488057465212,0.0712225977356922,0,1
8,2,146.572523269078,20.692266607516,245.514838733653,5.35800782617729,0.0958886421817561,1,1
23,11,134.844324502643,20.4373261353387,215.891365451235,4.34551354542399,0.0902796725667525,9,0
22,16,151.128108900976,24.3258412867759,223.143940998939,5.38998304192811,0.0699641933557076,0,1
16,13,150.227825375098,13.2964028570693,204.619709864978,5.32189975766034,0.0216632510519755,2,1
5,21,126.681017099232,19.3921127509167,158.259004136402,4.83991163642786,0.0209876597935705,3,1
24,22,179.127802088488,22.5041953274919,281.467340081944,5.31608378068971,0.0564949891310822,1,0
19,10,146.245126705145,15.2832379087597,244.795182869663,5.62790379125721,0.0585013216342477,0,1
20,8,186.490497584935,0.522827824626461,210.266013653285,4.50292604051047,0.0523173337427857,3,0
18,10,153.318965915835,20.1308534068414,226.396114231777,5.31411257742813,0.0253361295908853,7,1
7,16,140.271134437043,20.1935980687876,192.073436502842,5.50466441300008,0.0853779481672276,2,1
3,24,116.905578971338,16.0353436575437,197.541309716965,4.82551172645723,0.045212889702021,4,1
2,19,175.76893133654,26.1833217801287,256.653107996451,3.73329314752945,0.0436935859879906,2,0
4,12,119.534258824672,11.6818718885698,188.049057604558,4.82302356729356,0.0554266226740422,0,1
21,10,179.828669018266,18.707789847437,242.935571098914,4.70956432493058,0.0831720804938733,1,0
20,11,150.360389226303,21.6825747515117,200.756099791482,4.41346181287452,0.0789598645114347,0,0
10,22,129.682985383032,19.7530041892279,184.080242506107,4.58668811632409,0.0296000533058158,2,1
17,3,148.446519959205,40.8528577413163,243.015759415739,5.53555898845781,0.123848971654408,3,0
7,13,157.066225662437,13.779861551182,226.981626991426,4.87636427484118,0.0620877204798861,1,1
3,3,111.888320795938,16.7231931106443,211.199250938472,5.17115389686655,0.0505630879552149,3,1
4,6,121.275594237828,18.896964957001,223.321021685475,5.0307261349865,0.0336886154123846,0,1
2,16,120.341537364131,16.2910114691781,165.857222200703,4.62754729455334,0.0477124074914573,2,1
11,14,151.141870343861,25.8354517452828,185.739158824487,4.45727398319713,0.0922337035648272,5,1
5,23,136.796231476688,19.0381258230712,172.840022437779,5.09886643578938,0.0226716184719196,2,1
25,4,166.199431966651,22.4119424104179,270.593904431287,5.50953913169953,0.0181082157693655,3,1
13,15,161.5989342521,21.5312015399936,192.919864844097,4.90321839364679,0.0735672462784435,0,1
18,24,150.173751320672,16.5620555388491,201.097274170526,5.38353319485835,0.0303873034023681,4,1
10,1,129.261925183074,12.4275078675081,206.446099941096,4.72851219312994,0.0240790815644559,0,1
18,19,131.388081547067,8.17866871985055,210.245185959355,5.25720047925223,0.0605851638342506,3,0
25,13,178.561391031374,26.4782522120073,276.575082275498,5.43391817733974,0.0330402371582683,0,1
9,22,138.891512467958,20.3844577160917,201.36618977252,4.53918822807125,0.0930596767717292,0,1
11,17,145.458904739915,14.6249602762782,197.021722369807,4.77320464740464,0.0894551978884168,1,1
12,1,140.310163334393,19.8834516703273,193.342052552209,5.22068401652408,0.0629699663107132,0,1
18,9,144.961665659531,23.5177961776184,208.996196552706,5.93496566402158,0.029464165424108,1,1
4,15,180.524916926076,26.3295946353629,258.272433576108,5.87330916937918,0.0456273804525281,3,0
25,7,167.111135124625,16.2708414578207,290.360426299635,5.76004434397827,0.0146628196848997,3,1
11,7,151.181302972092,22.7448323753824,207.040556169609,4.87553513255889,0.090198173057626,4,1
17,1,167.868642630997,22.7540228156123,231.651630307504,5.17743066790268,0.0212089170896891,10,0
1,23,137.082782407648,16.1210816777348,175.242029443228,4.60925527827506,0.0553185086994117,0,1
24,2,173.1755011429,26.4812549707376,237.173392428136,4.75489988472681,0.0477373519491713,0,0
4,20,113.600787742391,21.455585493916,184.125919118285,4.32127173693202,0.0270958676183443,0,1
20,7,161.676998036122,24.0291443553557,233.683633221585,5.33696533684709,0.000393358765541175,6,1
4,19,120.236551133,19.6892815433296,200.505797301195,5.00950503630213,0.0391487875140867,0,1
19,1,146.757128309364,21.2545172895442,246.777827880253,4.77214872586277,0.0282581860983251,8,0
18,18,152.430722456852,19.3485996686669,196.849323378258,5.80494222669889,0.0173764940512779,0,1
8,7,144.706052978761,17.1014648057412,206.10852254254,5.13847962667742,0.0766036799322777,0,1
21,3,169.818648964693,24.495286051495,259.011947214041,5.20413820975214,0.0451690282618096,6,1
24,12,177.326264808847,17.0474553796024,248.255821862769,5.91615357277857,0.039963658429941,0,1
7,7,134.08971109597,12.7072043477422,163.875367813808,4.07267707138351,0.0315172506132961,0,0
2,5,112.33773000258,20.8029952737601,176.953553411426,4.36898284335532,0.0167605378702153,4,1
10,9,156.865087285661,31.9747631942696,257.018538626078,3.78388318329587,0.0734299817901041,1,0
8,3,135.692501511671,27.2055231624151,218.439728020564,5.54329903117017,0.0893750083868636,2,1
23,13,158.289736918556,19.2550767326843,277.033297441101,5.21167322413281,0.0960143826353779,0,1
8,15,148.332218767446,13.7968182585821,201.074789368837,5.51812936010784,0.0868134644864852,0,1
20,10,182.548751929465,14.5785970238517,289.740740810393,4.95413860993778,0.0376872191077186,3,0
2,8,117.568589542304,18.8234846179716,176.318156752069,4.32197598786844,0.0403571595000113,1,1
18,11,150.0874390686,13.4385331044096,246.62514407353,5.05325222987976,0.0413492106564352,0,1
19,16,153.728275610139,17.4100939636161,218.323105483315,5.71013341964484,0.0589679507457195,0,1
3,19,115.431075113058,12.8195953347553,213.333840838039,4.71478465069404,0.0379554844470893,8,1
13,5,140.586743250575,9.97318022457725,206.725762030173,4.95872130605354,0.0568463824878412,0,1
4,22,123.626026602639,18.8263971705985,200.448185666805,4.98747599120344,0.0394882577373124,0,1
4,7,119.056203074508,10.3959974132816,162.108381072596,4.52015734170457,0.0422747100389524,0,1
12,11,143.51742283981,16.6184666201308,220.292338926451,5.18713788476641,0.0471388120601701,2,1
11,8,160.982814481205,14.1304604854709,209.222986702654,4.95036830314824,0.0804486472640064,4,1
23,14,164.593342403496,21.4694217228883,247.911525169278,5.8369722276222,0.0733876705383737,0,1
25,22,175.45099283414,19.116864101471,291.67416119781,5.3157304751742,0.0193884582656509,5,1
25,6,175.866696377624,20.614039279171,284.755684734611,5.47120945066836,0.0311574820163389,3,1
19,18,163.782238797693,19.3122827239097,260.527231017701,5.67935548302692,0.0650854235849269,0,1
20,6,161.936840740563,26.0058286133984,248.543817956974,5.04812152111569,0.000929791677851441,1,1
23,21,164.329769868007,22.7310691508955,255.111286237796,5.95729904396751,0.0748865269957415,0,1
16,12,144.516535292546,20.871913520003,221.506509055248,4.89538989248356,0.0268761928595336,0,1
16,7,155.645677155936,17.9324878424527,232.43557299758,4.99200331766636,0.0417062389238659,4,1
5,16,137.149663384318,18.773156180094,161.744845836698,4.83277813604064,0.0273151590620271,3,1
11,5,141.219936259818,16.961405335773,215.847493423496,4.7155328361572,0.0679879902013073,2,1
7,1,125.322332084463,21.042812979039,202.644863886151,5.21239174495791,0.0564677964473331,0,1
2,2,106.284767595281,16.9790823075855,172.580755817959,4.4589984110587,0.0272372973685946,1,1
8,19,139.726172339515,18.6004478501973,207.885003935268,4.9310897549876,0.078008525691168,1,1
16,16,147.90351455105,19.1982594409117,240.112894369106,5.13319502088655,0.0412063679691481,1,1
10,12,140.857459685127,20.2274469362491,242.374824437333,4.46265872584476,0.0837558244092986,0,0
12,17,154.51320752096,12.2575524556292,224.018515016185,5.1199125073293,0.0829913978349412,0,1
20,1,166.147506866928,24.1381870475167,257.206023512291,4.83760047720783,0.019701022281188,1,1
4,25,111.996245866786,20.0541543156351,172.62722329602,4.6882570419808,0.05378333309558,0,1
13,10,158.500711533449,23.341476879312,225.089233025294,5.26795978430569,0.105873601182961,2,0
23,12,141.304156341825,34.7587264235639,234.924872098761,4.08806806539179,0.100101008310631,6,0
5,10,158.120633811286,21.094337631807,265.573842420397,5.41709259340829,0.0615890414479757,1,0
13,19,138.472779177795,17.9026648314571,228.937110889949,5.06465593737511,0.0685866112937527,0,1
17,20,142.566368643361,19.2053389807153,194.854456329957,5.54704030995883,0.0460832910453076,3,1
14,2,152.033409571232,31.3769595798565,273.72423426844,4.775035954313,0.152374607276473,1,0
24,5,177.492800044177,18.7702658195806,247.43710251403,5.60031227157025,0.0254523159488199,1,1
13,3,150.895205796045,17.4709306068399,232.691055374126,5.00101181818212,0.054434315657253,0,1
22,12,169.801986828051,10.6726039459292,231.437612496122,4.53916492397333,0.0769950337023294,0,1
20,25,156.447843869054,22.249514640021,220.472980682236,5.1889137851184,0.0620244108209692,2,0
22,2,177.600290517583,15.5998919591353,228.889457777832,4.81300762956381,0.0644104785963587,1,1
17,13,150.698317888711,19.1840265707054,230.915372771191,5.06375875019329,0.0654436532525713,5,1
19,4,155.106016270575,13.7547026467455,242.681788415917,5.94563325494753,0.0763489616884141,0,1
17,1,179.439736113451,17.7960885650725,311.400272815737,4.4776834704417,0.0718590511625117,1,0
6,24,146.412915560845,30.9267409266998,221.574106330536,4.37217865092997,0.0454236627392721,8,0
10,11,113.133926242814,26.5012425298139,210.37946484802,4.93298212869572,0.0317791530475414,0,1
12,9,154.483121852382,20.6037929572197,201.243284904444,5.10782314833898,0.0585946939040003,2,1
15,9,146.558395401469,20.7288116504827,224.803989202515,4.70108221744758,0.042938573911669,1,1
2,18,169.660863977488,34.7262950799757,227.923689059961,3.54030094033307,0.0214155106888313,2,0
11,18,175.90835725463,33.2956288067334,271.351505087087,4.92789917980934,0.0472493896906136,0,0
1,6,121.438563978334,14.862163966482,167.527596183023,4.02723019034768,0.0645565249473986,0,1
12,12,156.970142310178,20.4019892070606,244.836456719963,5.12489652207821,0.0533169478568501,1,0
16,24,175.762905689663,25.722623898717,265.151967187287,5.84801202215713,0.0608397564606959,4,0
1,20,126.962939300662,12.0254997307348,154.492044352436,4.66195769938359,0.0542289075296357,0,1
20,16,172.730684202698,23.507792303419,229.272762055073,5.31063104505486,0.0348673244446929,0,1
8,9,143.826275755319,22.4421937460273,225.217868811209,5.03865725518018,0.081589753711591,3,1
5,15,122.334579353125,21.8846574962451,171.725633455295,4.63696404170015,0.0403679715771322,0,1
13,23,153.859012453883,14.5224495159471,220.114783493488,4.83160755228146,0.0507163053484835,0,1
3,6,119.5613145762,11.6945503810084,192.815059925778,4.47468305979097,0.0364067182114594,4,1
25,24,167.832495085349,15.2706448996807,278.330993866364,5.83856503434792,0.0427128753605745,1,1
15,24,141.239884229086,22.5922205985488,225.235237500344,4.83581299988284,0.038982631631044,1,1
6,11,132.382341208276,16.0042163831673,204.396102250272,4.95251429478048,0.0683692274760249,8,1
17,24,138.462553337903,18.843271162108,204.92406632392,5.05824688274279,0.0617236672673591,5,1
16,3,148.165709029646,22.7913845048142,202.148006620374,4.53824361033183,0.0509464900994191,3,1
17,8,153.375605983899,20.0966843402549,210.271747040517,5.17999948887227,0.0376027950977054,3,1
17,5,136.396008035949,18.9662169347891,235.221244262251,5.12002793368868,0.07200200572642,3,1
12,25,140.288877168534,20.412350870232,212.254815780859,5.33142474306847,0.0655196396100305,0,1
9,25,132.74479819394,15.3471288041095,212.493504455201,4.368648553981,0.0722803633223857,1,1
10,20,139.053978740619,17.2586146756613,209.229384940489,5.384032162785,0.024288839932024,1,1
1,1,136.391790792707,30.1811601676395,220.72747889641,4.16464583377351,0.0983127422558453,0,0
22,23,145.315910710861,23.1116537005272,216.035783237259,5.16138074813547,0.0701918710233587,6,0
21,11,166.346337835447,19.0373232842584,265.464154364201,5.46867363806597,0.0446260461360099,3,1
6,6,129.412150452085,14.9439763566902,188.365806079673,5.39616384092428,0.0842701228738426,3,1
18,22,156.849395207106,18.3700334540905,213.114044457363,5.3984281555912,0.0284772520486479,5,1
5,1,104.387742045244,21.3249512889202,170.811862279627,4.98167107494087,0.0317190081967482,2,1
14,21,164.590000072922,15.8545046146144,236.395949593129,5.27760407365563,0.0285878145384972,0,1
7,21,154.486699106404,15.1024816291026,219.017177961913,5.0724378869161,0.0731897439791209,1,1
